[{"pos_x": 164.06, "pos_y": -55.5, "rotation": 0.0, "side": "top", "designator": "U1", "mpn": null, "pack": "BME680-PSON80P300X300X100-8N", "value": "BME680", "mount_type": "smt"}, {"pos_x": 158.0, "pos_y": -58.75, "rotation": 180.0, "side": "top", "designator": "C5", "mpn": null, "pack": "C_1206_3216Metric_Pad1.33x1.80mm_HandSolder", "value": "100nF", "mount_type": "smt"}, {"pos_x": 164.75, "pos_y": -71.75, "rotation": 0.0, "side": "top", "designator": "SW4", "mpn": null, "pack": "SW_SPST_Omron_B3FS-100xP", "value": "BOOT", "mount_type": "smt"}, {"pos_x": 152.27, "pos_y": -71.08, "rotation": 0.0, "side": "top", "designator": "REF**", "mpn": null, "pack": "EdgeCut_BWLR1C", "value": "EdgeCut_BWLR1C", "mount_type": "smt"}, {"pos_x": 158.0, "pos_y": -49.5, "rotation": 0.0, "side": "top", "designator": "R7", "mpn": null, "pack": "R_1206_3216Metric_Pad1.30x1.75mm_HandSolder", "value": "10K", "mount_type": "smt"}, {"pos_x": 154.5, "pos_y": -74.0, "rotation": 180.0, "side": "top", "designator": "JP1", "mpn": null, "pack": "SolderJumper-3_P1.3mm_Bridged12_RoundedPad1.0x1.5mm_NumberLabels", "value": "USER0", "mount_type": null}, {"pos_x": 164.8375, "pos_y": -85.5, "rotation": 0.0, "side": "top", "designator": "C9", "mpn": null, "pack": "CP_EIA-3528-15_AVX-H_Pad1.50x2.35mm_HandSolder", "value": "330uF", "mount_type": "smt"}, {"pos_x": 164.25, "pos_y": -60.25, "rotation": 180.0, "side": "top", "designator": "R2", "mpn": null, "pack": "R_1206_3216Metric_Pad1.30x1.75mm_HandSolder", "value": "10K", "mount_type": "smt"}, {"pos_x": 158.0, "pos_y": -81.0, "rotation": 180.0, "side": "top", "designator": "C8", "mpn": null, "pack": "CP_EIA-3528-15_AVX-H_Pad1.50x2.35mm_HandSolder", "value": "330uF", "mount_type": "smt"}, {"pos_x": 148.0, "pos_y": -85.5, "rotation": 0.0, "side": "top", "designator": "C10", "mpn": null, "pack": "CP_EIA-3528-15_AVX-H_Pad1.50x2.35mm_HandSolder", "value": "330uF", "mount_type": "smt"}, {"pos_x": 158.0, "pos_y": -85.5, "rotation": 180.0, "side": "top", "designator": "C2", "mpn": null, "pack": "CP_EIA-3528-15_AVX-H_Pad1.50x2.35mm_HandSolder", "value": "330uF", "mount_type": "smt"}, {"pos_x": 141.3125, "pos_y": -85.5, "rotation": 180.0, "side": "top", "designator": "C4", "mpn": null, "pack": "CP_EIA-3528-15_AVX-H_Pad1.50x2.35mm_HandSolder", "value": "330uF", "mount_type": "smt"}, {"pos_x": 149.3, "pos_y": -101.3, "rotation": 0.0, "side": "top", "designator": "G***", "mpn": null, "pack": "TextLogo_Teapot", "value": "LOGO", "mount_type": null}, {"pos_x": 143.75, "pos_y": -66.95, "rotation": 180.0, "side": "top", "designator": "C12", "mpn": null, "pack": "C_1206_3216Metric_Pad1.33x1.80mm_HandSolder", "value": "100nF", "mount_type": "smt"}, {"pos_x": 137.5, "pos_y": -71.85, "rotation": 90.0, "side": "top", "designator": "R5", "mpn": null, "pack": "R_1206_3216Metric_Pad1.30x1.75mm_HandSolder", "value": "1K", "mount_type": "smt"}, {"pos_x": 145.3, "pos_y": -30.0, "rotation": 0.0, "side": "top", "designator": "E1", "mpn": null, "pack": "XDCR_ANT-915-USP410", "value": "ANT-915-USP410", "mount_type": "smt"}, {"pos_x": 144.0, "pos_y": -71.75, "rotation": 180.0, "side": "top", "designator": "SW3", "mpn": null, "pack": "SW_SPST_Omron_B3FS-100xP", "value": "RESET", "mount_type": "smt"}, {"pos_x": 148.0, "pos_y": -81.0, "rotation": 0.0, "side": "top", "designator": "C13", "mpn": null, "pack": "CP_EIA-3528-15_AVX-H_Pad1.50x2.35mm_HandSolder", "value": "330uF", "mount_type": "smt"}, {"pos_x": 141.25, "pos_y": -81.0, "rotation": 180.0, "side": "top", "designator": "C14", "mpn": null, "pack": "CP_EIA-3528-15_AVX-H_Pad1.50x2.35mm_HandSolder", "value": "330uF", "mount_type": "smt"}, {"pos_x": 164.3125, "pos_y": -51.0, "rotation": 0.0, "side": "top", "designator": "R3", "mpn": null, "pack": "R_1206_3216Metric_Pad1.30x1.75mm_HandSolder", "value": "10K", "mount_type": "smt"}, {"pos_x": 164.8125, "pos_y": -90.0, "rotation": 0.0, "side": "top", "designator": "C6", "mpn": null, "pack": "CP_EIA-3528-15_AVX-H_Pad1.50x2.35mm_HandSolder", "value": "330uF", "mount_type": "smt"}, {"pos_x": 137.8, "pos_y": -63.535, "rotation": 0.0, "side": "top", "designator": "U2", "mpn": null, "pack": "RAK3172", "value": "RAK3172", "mount_type": "smt"}, {"pos_x": 164.75, "pos_y": -81.0, "rotation": 0.0, "side": "top", "designator": "C1", "mpn": null, "pack": "CP_EIA-3528-15_AVX-H_Pad1.50x2.35mm_HandSolder", "value": "330uF", "mount_type": "smt"}, {"pos_x": 158.0, "pos_y": -52.25, "rotation": 0.0, "side": "top", "designator": "R6", "mpn": null, "pack": "R_1206_3216Metric_Pad1.30x1.75mm_HandSolder", "value": "10K", "mount_type": "smt"}, {"pos_x": 153.227567, "pos_y": -96.031975, "rotation": 0.0, "side": "top", "designator": "G***", "mpn": null, "pack": "TeapotLogo", "value": "LOGO", "mount_type": null}, {"pos_x": 164.5, "pos_y": -67.0, "rotation": 0.0, "side": "top", "designator": "C11", "mpn": null, "pack": "C_1206_3216Metric_Pad1.33x1.80mm_HandSolder", "value": "100nF", "mount_type": "smt"}, {"pos_x": 164.95, "pos_y": -45.5, "rotation": 90.0, "side": "top", "designator": "J2", "mpn": null, "pack": "PinHeader_1x02_P2.54mm_Vertical", "value": "Debug", "mount_type": "tht"}, {"pos_x": 156.75, "pos_y": -38.87, "rotation": 90.0, "side": "top", "designator": "J1", "mpn": null, "pack": "PinHeader_1x05_P2.54mm_Vertical", "value": "Program", "mount_type": "tht"}, {"pos_x": 141.0, "pos_y": -37.8125, "rotation": 180.0, "side": "top", "designator": "C16", "mpn": null, "pack": "C_0603_1608Metric", "value": "? F", "mount_type": "smt"}, {"pos_x": 157.4, "pos_y": -100.8, "rotation": 0.0, "side": "top", "designator": "G***", "mpn": null, "pack": "TextLogo_BWLR1C", "value": "LOGO", "mount_type": null}, {"pos_x": 141.1, "pos_y": -42.9125, "rotation": 180.0, "side": "top", "designator": "C15", "mpn": null, "pack": "C_0603_1608Metric", "value": "? F", "mount_type": "smt"}, {"pos_x": 154.5, "pos_y": -69.5, "rotation": 180.0, "side": "top", "designator": "JP2", "mpn": null, "pack": "SolderJumper-3_P1.3mm_Bridged12_RoundedPad1.0x1.5mm_NumberLabels", "value": "USER1", "mount_type": null}, {"pos_x": 153.1125, "pos_y": -90.3, "rotation": 90.0, "side": "top", "designator": "Q1", "mpn": null, "pack": "SOT-23", "value": "AO3407", "mount_type": "smt"}, {"pos_x": 140.3, "pos_y": -40.4, "rotation": 90.0, "side": "top", "designator": "L1", "mpn": null, "pack": "L_0603_1608Metric", "value": "? H", "mount_type": "smt"}, {"pos_x": 158.0, "pos_y": -61.5, "rotation": 180.0, "side": "top", "designator": "C3", "mpn": null, "pack": "C_1206_3216Metric_Pad1.33x1.80mm_HandSolder", "value": "100nF", "mount_type": "smt"}, {"pos_x": 141.3125, "pos_y": -90.0, "rotation": 180.0, "side": "top", "designator": "C7", "mpn": null, "pack": "CP_EIA-3528-15_AVX-H_Pad1.50x2.35mm_HandSolder", "value": "330uF", "mount_type": "smt"}, {"pos_x": 153.2, "pos_y": -91.5, "rotation": 180.0, "side": "bottom", "designator": "BT3", "mpn": null, "pack": "BatteryHolder_Keystone_3008_1x2450", "value": "CR2450", "mount_type": "smt"}, {"pos_x": 160.5, "pos_y": -104.25, "rotation": 90.0, "side": "bottom", "designator": "BT2", "mpn": null, "pack": "BatteryHolder_Keystone_2462_2xAA", "value": "2x AA", "mount_type": "tht"}, {"pos_x": 153.25, "pos_y": -64.0, "rotation": 0.0, "side": "bottom", "designator": "BT1", "mpn": null, "pack": "BatteryHolder_Keystone_3008_1x2450", "value": "CR2450", "mount_type": "smt"}]